{
  "timestamp": "2025-09-26T02:21:18.647248",
  "dashboard": "/home/claude/blaze_executive_dashboard_20250926_022117.png",
  "key_metrics": {
    "expected_24mo_revenue": 4171091.64,
    "median_24mo_revenue": 3513283.74,
    "total_profit_24mo": 64323871.59,
    "probability_150k_month": 1.0,
    "probability_200k_month": 1.0
  },
  "optimization": {
    "optimal_allocation": {
      "API Subscriptions": {
        "amount": 1557.37,
        "percentage": 15.6,
        "expected_impact": 4225.41
      },
      "Custom Analytics": {
        "amount": 4962.8,
        "percentage": 49.6,
        "expected_impact": 18748.18
      },
      "Data Products": {
        "amount": 1041.35,
        "percentage": 10.4,
        "expected_impact": 2569.0
      },
      "Live Game Analytics": {
        "amount": 363.89,
        "percentage": 3.6,
        "expected_impact": 744.83
      },
      "Media Partnerships": {
        "amount": 2074.58,
        "percentage": 20.7,
        "expected_impact": 6065.11
      },
      "Training & Workshops": {
        "amount": 0.0,
        "percentage": 0.0,
        "expected_impact": 0.0
      }
    },
    "expected_monthly_profit": 115352.52,
    "roi": 1053.5
  },
  "strategies": {
    "strategies": {
      "aggressive_growth": {
        "expected_monthly_profit": 2329554.34,
        "profit_volatility": 1287337.61,
        "annual_growth_rate": 24488.3,
        "risk_adjusted_return": 1.81
      },
      "stable_recurring": {
        "expected_monthly_profit": 1792937.11,
        "profit_volatility": 869020.17,
        "annual_growth_rate": 24650.2,
        "risk_adjusted_return": 2.06
      },
      "diversified": {
        "expected_monthly_profit": 1870180.72,
        "profit_volatility": 907294.33,
        "annual_growth_rate": 24057.7,
        "risk_adjusted_return": 2.06
      }
    },
    "recommended": "stable_recurring",
    "rationale": "Highest risk-adjusted return of 2.06",
    "implementation_priorities": [
      {
        "priority": 1,
        "action": "Enhance API subscription tiers",
        "timeline": "0-30 days",
        "investment": "$2,000",
        "expected_impact": "+$8,000/month"
      },
      {
        "priority": 2,
        "action": "Productize successful projects",
        "timeline": "30-60 days",
        "investment": "$4,000",
        "expected_impact": "+$10,000/month"
      },
      {
        "priority": 3,
        "action": "Launch training program",
        "timeline": "60-90 days",
        "investment": "$1,500",
        "expected_impact": "+$3,000/month"
      }
    ]
  },
  "risk_metrics": {
    "var_95": 645208.44,
    "cvar_95": 600569.27,
    "probability_of_loss": 0.0
  }
}